<?xml version="1.0" encoding="UTF-8"?>
<project-private xmlns="http://www.netbeans.org/ns/project-private/1">
    <editor-bookmarks xmlns="http://www.netbeans.org/ns/editor-bookmarks/1"/>
    <editor-bookmarks xmlns="http://www.netbeans.org/ns/editor-bookmarks/2" lastBookmarkId="0"/>
    <open-files xmlns="http://www.netbeans.org/ns/projectui-open-files/2">
        <group>
            <file>file:/D:/school/Second%20year/CSC/CSC145-Lab07-KARIN_HERNANDEZ/src/lab07/Lab07Master.java</file>
            <file>file:/D:/school/Second%20year/CSC/CSC145-Lab07-KARIN_HERNANDEZ/src/lab07/Lab07Driver.java</file>
        </group>
    </open-files>
</project-private>
